{"cameraMode":{"drawMode":0,"name":"Shaded","section":"Shading Mode"},"sceneLighting":false,"audioPlay":false,"sceneViewState":{"showFog":true,"showMaterialUpdate":false,"showSkybox":false,"showFlares":true,"showImageEffects":true,"showParticleSystems":true},"in2DMode":false,"pivot":{"x":0.11440563201904297,"y":0.07646358013153076,"z":0.034325599670410159},"rotation":{"x":0.021477017551660539,"y":-0.932518482208252,"z":0.0563187412917614,"w":0.3561181128025055},"size":11.943808555603028,"orthographic":false}